Age,,,,ins,Bins,,
55,,70,,,Oct-20,,0-10
19,,18,,,,,0-11
50,,,,,0-12,,0-12
21,,,,,0-13,,0-13
45,,,,,0-14,,0-14
46,,,,,0-15,,0-15
63,,,,,,,0-16
27,,,,,,,0-17
26,,,,,,,0-18
57,,,,,,,0-19
53,,,,,,,
30,,,,,,,
61,,,,,,,
65,,,,,,,
64,,,,,,,
64,,,,,,,
25,,,,,,,
53,,,,,,,
52,,,,,,,
66,,,,,,,
21,,,,,,,
31,,,,,,,
56,,,,,,,
31,,,,,,,
18,,,,,,,
18,,,,,,,
38,,,,,,,
56,,,,,,,
54,,,,,,,
31,,,,,,,
57,,,,,,,
33,,,,,,,
36,,,,,,,
54,,,,,,,
36,,,,,,,
54,,,,,,,
35,,,,,,,
35,,,,,,,
29,,,,,,,
70,,,,,,,
69,,,,,,,
67,,,,,,,
20,,,,,,,
25,,,,,,,
39,,,,,,,
50,,,,,,,
57,,,,,,,
55,,,,,,,
42,,,,,,,
68,,,,,,,
49,,,,,,,
59,,,,,,,
42,,,,,,,
29,,,,,,,
47,,,,,,,
40,,,,,,,
41,,,,,,,
21,,,,,,,
69,,,,,,,
63,,,,,,,
50,,,,,,,
55,,,,,,,
30,,,,,,,
33,,,,,,,
65,,,,,,,
65,,,,,,,
31,,,,,,,
45,,,,,,,
57,,,,,,,
48,,,,,,,
22,,,,,,,
36,,,,,,,
18,,,,,,,
48,,,,,,,
49,,,,,,,
64,,,,,,,
50,,,,,,,
22,,,,,,,
50,,,,,,,
38,,,,,,,
19,,,,,,,
67,,,,,,,
19,,,,,,,
36,,,,,,,
52,,,,,,,
53,,,,,,,
24,,,,,,,
52,,,,,,,
33,,,,,,,
47,,,,,,,
25,,,,,,,
44,,,,,,,
61,,,,,,,
37,,,,,,,
58,,,,,,,
37,,,,,,,
32,,,,,,,
21,,,,,,,
20,,,,,,,
26,,,,,,,
62,,,,,,,
27,,,,,,,
51,,,,,,,
54,,,,,,,
55,,,,,,,
69,,,,,,,
64,,,,,,,
28,,,,,,,
70,,,,,,,
58,,,,,,,
56,,,,,,,
26,,,,,,,
37,,,,,,,
44,,,,,,,
70,,,,,,,
53,,,,,,,
55,,,,,,,
50,,,,,,,
50,,,,,,,
38,,,,,,,
64,,,,,,,
19,,,,,,,
40,,,,,,,
57,,,,,,,
44,,,,,,,
49,,,,,,,
43,,,,,,,
24,,,,,,,
20,,,,,,,
24,,,,,,,
44,,,,,,,
28,,,,,,,
30,,,,,,,
52,,,,,,,
43,,,,,,,
43,,,,,,,
39,,,,,,,
68,,,,,,,
68,,,,,,,
49,,,,,,,
63,,,,,,,
56,,,,,,,
37,,,,,,,
30,,,,,,,
19,,,,,,,
24,,,,,,,
52,,,,,,,
63,,,,,,,
37,,,,,,,
38,,,,,,,
35,,,,,,,
28,,,,,,,
30,,,,,,,
69,,,,,,,
41,,,,,,,
63,,,,,,,
35,,,,,,,
36,,,,,,,
25,,,,,,,
58,,,,,,,
27,,,,,,,
65,,,,,,,
54,,,,,,,
54,,,,,,,
59,,,,,,,
42,,,,,,,
46,,,,,,,
33,,,,,,,
34,,,,,,,
27,,,,,,,
52,,,,,,,
29,,,,,,,
54,,,,,,,
25,,,,,,,
41,,,,,,,
53,,,,,,,
53,,,,,,,
21,,,,,,,
61,,,,,,,
64,,,,,,,
51,,,,,,,
32,,,,,,,
38,,,,,,,
58,,,,,,,
32,,,,,,,
46,,,,,,,
39,,,,,,,
19,,,,,,,
50,,,,,,,
36,,,,,,,
65,,,,,,,
64,,,,,,,
46,,,,,,,
36,,,,,,,
51,,,,,,,
51,,,,,,,
38,,,,,,,
59,,,,,,,
57,,,,,,,
54,,,,,,,
25,,,,,,,
69,,,,,,,
57,,,,,,,
70,,,,,,,
24,,,,,,,
67,,,,,,,
24,,,,,,,
62,,,,,,,
57,,,,,,,
55,,,,,,,
45,,,,,,,
69,,,,,,,
67,,,,,,,
30,,,,,,,
24,,,,,,,
62,,,,,,,
43,,,,,,,
35,,,,,,,
28,,,,,,,
32,,,,,,,
39,,,,,,,
28,,,,,,,
47,,,,,,,
20,,,,,,,
63,,,,,,,
25,,,,,,,
29,,,,,,,
50,,,,,,,
18,,,,,,,
70,,,,,,,
66,,,,,,,
28,,,,,,,
54,,,,,,,
19,,,,,,,
20,,,,,,,
43,,,,,,,
38,,,,,,,
50,,,,,,,
64,,,,,,,
49,,,,,,,
47,,,,,,,
36,,,,,,,
55,,,,,,,
25,,,,,,,
53,,,,,,,
49,,,,,,,
35,,,,,,,
29,,,,,,,
47,,,,,,,
53,,,,,,,
33,,,,,,,
21,,,,,,,
32,,,,,,,
52,,,,,,,
67,,,,,,,
43,,,,,,,
58,,,,,,,
20,,,,,,,
61,,,,,,,
32,,,,,,,
38,,,,,,,
21,,,,,,,
37,,,,,,,
27,,,,,,,
36,,,,,,,
32,,,,,,,
51,,,,,,,
64,,,,,,,
68,,,,,,,
68,,,,,,,
33,,,,,,,
65,,,,,,,
48,,,,,,,
69,,,,,,,
59,,,,,,,
48,,,,,,,
25,,,,,,,
29,,,,,,,
57,,,,,,,
23,,,,,,,
45,,,,,,,
38,,,,,,,
21,,,,,,,
32,,,,,,,
63,,,,,,,
29,,,,,,,
27,,,,,,,
56,,,,,,,
30,,,,,,,
49,,,,,,,
58,,,,,,,
57,,,,,,,
60,,,,,,,
69,,,,,,,
70,,,,,,,
53,,,,,,,
25,,,,,,,
48,,,,,,,
69,,,,,,,
25,,,,,,,
29,,,,,,,
46,,,,,,,
37,,,,,,,
20,,,,,,,
40,,,,,,,
60,,,,,,,
26,,,,,,,
29,,,,,,,
66,,,,,,,
66,,,,,,,
56,,,,,,,
69,,,,,,,
38,,,,,,,
42,,,,,,,
30,,,,,,,
66,,,,,,,
36,,,,,,,
58,,,,,,,
45,,,,,,,
47,,,,,,,
66,,,,,,,
41,,,,,,,
41,,,,,,,
66,,,,,,,
37,,,,,,,
70,,,,,,,
62,,,,,,,
61,,,,,,,
48,,,,,,,
70,,,,,,,
46,,,,,,,
31,,,,,,,
19,,,,,,,
39,,,,,,,
41,,,,,,,
20,,,,,,,
36,,,,,,,
32,,,,,,,
69,,,,,,,
40,,,,,,,
40,,,,,,,
20,,,,,,,
64,,,,,,,
27,,,,,,,
24,,,,,,,
48,,,,,,,
49,,,,,,,
36,,,,,,,
56,,,,,,,
37,,,,,,,
42,,,,,,,
28,,,,,,,
27,,,,,,,
63,,,,,,,
58,,,,,,,
37,,,,,,,
56,,,,,,,
18,,,,,,,
48,,,,,,,
31,,,,,,,
51,,,,,,,
65,,,,,,,
53,,,,,,,
55,,,,,,,
62,,,,,,,
55,,,,,,,
64,,,,,,,
52,,,,,,,
24,,,,,,,
38,,,,,,,
59,,,,,,,
27,,,,,,,
24,,,,,,,
23,,,,,,,
69,,,,,,,
59,,,,,,,
51,,,,,,,
63,,,,,,,
54,,,,,,,
32,,,,,,,
39,,,,,,,
66,,,,,,,
28,,,,,,,
50,,,,,,,
70,,,,,,,
67,,,,,,,
64,,,,,,,
45,,,,,,,
22,,,,,,,
27,,,,,,,
25,,,,,,,
37,,,,,,,
26,,,,,,,
33,,,,,,,
43,,,,,,,
37,,,,,,,
46,,,,,,,
22,,,,,,,
20,,,,,,,
60,,,,,,,
39,,,,,,,
43,,,,,,,
31,,,,,,,
19,,,,,,,
35,,,,,,,
41,,,,,,,
52,,,,,,,
45,,,,,,,
34,,,,,,,
35,,,,,,,
29,,,,,,,
59,,,,,,,
24,,,,,,,
70,,,,,,,
29,,,,,,,
67,,,,,,,
36,,,,,,,
23,,,,,,,
18,,,,,,,
53,,,,,,,
32,,,,,,,
38,,,,,,,
47,,,,,,,
46,,,,,,,
66,,,,,,,
40,,,,,,,
43,,,,,,,
58,,,,,,,
21,,,,,,,
42,,,,,,,
24,,,,,,,
43,,,,,,,
47,,,,,,,
49,,,,,,,
50,,,,,,,
51,,,,,,,
40,,,,,,,
45,,,,,,,
52,,,,,,,
62,,,,,,,
20,,,,,,,
43,,,,,,,
29,,,,,,,
22,,,,,,,
48,,,,,,,
42,,,,,,,
19,,,,,,,
60,,,,,,,
32,,,,,,,
26,,,,,,,
25,,,,,,,
66,,,,,,,
45,,,,,,,
54,,,,,,,
37,,,,,,,
54,,,,,,,
50,,,,,,,
25,,,,,,,
47,,,,,,,
63,,,,,,,
64,,,,,,,
18,,,,,,,
59,,,,,,,
37,,,,,,,
23,,,,,,,
54,,,,,,,
38,,,,,,,
19,,,,,,,
34,,,,,,,
21,,,,,,,
50,,,,,,,
55,,,,,,,
20,,,,,,,
34,,,,,,,
62,,,,,,,
21,,,,,,,
21,,,,,,,
42,,,,,,,
35,,,,,,,
39,,,,,,,
68,,,,,,,
46,,,,,,,
41,,,,,,,
23,,,,,,,
68,,,,,,,
48,,,,,,,
38,,,,,,,
41,,,,,,,
58,,,,,,,
49,,,,,,,
57,,,,,,,
49,,,,,,,
50,,,,,,,
28,,,,,,,
38,,,,,,,
33,,,,,,,
30,,,,,,,
43,,,,,,,
43,,,,,,,
36,,,,,,,
36,,,,,,,
64,,,,,,,
59,,,,,,,
55,,,,,,,
42,,,,,,,
61,,,,,,,
28,,,,,,,
65,,,,,,,
27,,,,,,,
41,,,,,,,
21,,,,,,,
61,,,,,,,
19,,,,,,,
22,,,,,,,
64,,,,,,,
28,,,,,,,
34,,,,,,,
61,,,,,,,
24,,,,,,,
19,,,,,,,
51,,,,,,,
36,,,,,,,
65,,,,,,,
46,,,,,,,
59,,,,,,,
51,,,,,,,
51,,,,,,,
21,,,,,,,
34,,,,,,,
32,,,,,,,
48,,,,,,,
50,,,,,,,
26,,,,,,,
57,,,,,,,
65,,,,,,,
56,,,,,,,
44,,,,,,,
50,,,,,,,
27,,,,,,,
49,,,,,,,
49,,,,,,,
52,,,,,,,
27,,,,,,,
53,,,,,,,
34,,,,,,,
33,,,,,,,
62,,,,,,,
38,,,,,,,
36,,,,,,,
31,,,,,,,
62,,,,,,,
29,,,,,,,
24,,,,,,,
63,,,,,,,
56,,,,,,,
63,,,,,,,
40,,,,,,,
18,,,,,,,
50,,,,,,,
66,,,,,,,
25,,,,,,,
65,,,,,,,
53,,,,,,,
61,,,,,,,
67,,,,,,,
59,,,,,,,
55,,,,,,,
21,,,,,,,
44,,,,,,,
65,,,,,,,
65,,,,,,,
54,,,,,,,
56,,,,,,,
58,,,,,,,
54,,,,,,,
58,,,,,,,
48,,,,,,,
19,,,,,,,
69,,,,,,,
58,,,,,,,
49,,,,,,,
32,,,,,,,
40,,,,,,,
25,,,,,,,
70,,,,,,,
69,,,,,,,
45,,,,,,,
29,,,,,,,
47,,,,,,,
28,,,,,,,
64,,,,,,,
47,,,,,,,
60,,,,,,,
67,,,,,,,
35,,,,,,,
30,,,,,,,
23,,,,,,,
70,,,,,,,
21,,,,,,,
51,,,,,,,
22,,,,,,,
32,,,,,,,
37,,,,,,,
31,,,,,,,
44,,,,,,,
40,,,,,,,
27,,,,,,,
47,,,,,,,
41,,,,,,,
51,,,,,,,
53,,,,,,,
43,,,,,,,
67,,,,,,,
61,,,,,,,
68,,,,,,,
67,,,,,,,
29,,,,,,,
50,,,,,,,
61,,,,,,,
19,,,,,,,
33,,,,,,,
51,,,,,,,
69,,,,,,,
19,,,,,,,
55,,,,,,,
49,,,,,,,
31,,,,,,,
42,,,,,,,
69,,,,,,,
26,,,,,,,
41,,,,,,,
55,,,,,,,
35,,,,,,,
66,,,,,,,
36,,,,,,,
27,,,,,,,
41,,,,,,,
21,,,,,,,
53,,,,,,,
54,,,,,,,
53,,,,,,,
47,,,,,,,
64,,,,,,,
18,,,,,,,
68,,,,,,,
62,,,,,,,
51,,,,,,,
54,,,,,,,
22,,,,,,,
53,,,,,,,
34,,,,,,,
32,,,,,,,
64,,,,,,,
20,,,,,,,
24,,,,,,,
20,,,,,,,
42,,,,,,,
48,,,,,,,
62,,,,,,,
62,,,,,,,
50,,,,,,,
57,,,,,,,
24,,,,,,,
59,,,,,,,
63,,,,,,,
41,,,,,,,
35,,,,,,,
34,,,,,,,
49,,,,,,,
43,,,,,,,
63,,,,,,,
38,,,,,,,
59,,,,,,,
35,,,,,,,
48,,,,,,,
64,,,,,,,
28,,,,,,,
60,,,,,,,
27,,,,,,,
56,,,,,,,
58,,,,,,,
30,,,,,,,
23,,,,,,,
33,,,,,,,
63,,,,,,,
70,,,,,,,
70,,,,,,,
19,,,,,,,
25,,,,,,,
19,,,,,,,
25,,,,,,,
60,,,,,,,
35,,,,,,,
46,,,,,,,
41,,,,,,,
30,,,,,,,
44,,,,,,,
61,,,,,,,
55,,,,,,,
50,,,,,,,
57,,,,,,,
51,,,,,,,
18,,,,,,,
63,,,,,,,
34,,,,,,,
25,,,,,,,
46,,,,,,,
59,,,,,,,
37,,,,,,,
49,,,,,,,
22,,,,,,,
64,,,,,,,
42,,,,,,,
37,,,,,,,
26,,,,,,,
33,,,,,,,
30,,,,,,,
21,,,,,,,
22,,,,,,,
63,,,,,,,
33,,,,,,,
43,,,,,,,
27,,,,,,,
35,,,,,,,
37,,,,,,,
61,,,,,,,
32,,,,,,,
62,,,,,,,
29,,,,,,,
41,,,,,,,
48,,,,,,,
43,,,,,,,
34,,,,,,,
45,,,,,,,
65,,,,,,,
61,,,,,,,
18,,,,,,,
47,,,,,,,
56,,,,,,,
64,,,,,,,
26,,,,,,,
22,,,,,,,
64,,,,,,,
21,,,,,,,
67,,,,,,,
46,,,,,,,
40,,,,,,,
51,,,,,,,
35,,,,,,,
56,,,,,,,
25,,,,,,,
65,,,,,,,
39,,,,,,,
47,,,,,,,
36,,,,,,,
66,,,,,,,
62,,,,,,,
41,,,,,,,
66,,,,,,,
51,,,,,,,
33,,,,,,,
57,,,,,,,
45,,,,,,,
61,,,,,,,
55,,,,,,,
54,,,,,,,
57,,,,,,,
27,,,,,,,
64,,,,,,,
52,,,,,,,
19,,,,,,,
22,,,,,,,
18,,,,,,,
29,,,,,,,
42,,,,,,,
49,,,,,,,
49,,,,,,,
55,,,,,,,
29,,,,,,,
60,,,,,,,
34,,,,,,,
30,,,,,,,
28,,,,,,,
63,,,,,,,
31,,,,,,,
46,,,,,,,
70,,,,,,,
53,,,,,,,
50,,,,,,,
33,,,,,,,
22,,,,,,,
50,,,,,,,
34,,,,,,,
24,,,,,,,
69,,,,,,,
39,,,,,,,
42,,,,,,,
42,,,,,,,
29,,,,,,,
55,,,,,,,
32,,,,,,,
25,,,,,,,
38,,,,,,,
32,,,,,,,
43,,,,,,,
41,,,,,,,
56,,,,,,,
27,,,,,,,
46,,,,,,,
48,,,,,,,
52,,,,,,,
18,,,,,,,
64,,,,,,,
54,,,,,,,
31,,,,,,,
30,,,,,,,
26,,,,,,,
25,,,,,,,
59,,,,,,,
55,,,,,,,
56,,,,,,,
62,,,,,,,
35,,,,,,,
51,,,,,,,
61,,,,,,,
27,,,,,,,
54,,,,,,,
31,,,,,,,
24,,,,,,,
42,,,,,,,
41,,,,,,,
66,,,,,,,
58,,,,,,,
43,,,,,,,
52,,,,,,,
35,,,,,,,
23,,,,,,,
25,,,,,,,
33,,,,,,,
48,,,,,,,
42,,,,,,,
55,,,,,,,
59,,,,,,,
65,,,,,,,
59,,,,,,,
31,,,,,,,
49,,,,,,,
53,,,,,,,
48,,,,,,,
23,,,,,,,
68,,,,,,,
35,,,,,,,
34,,,,,,,
62,,,,,,,
21,,,,,,,
70,,,,,,,
55,,,,,,,
43,,,,,,,
19,,,,,,,
47,,,,,,,
26,,,,,,,
46,,,,,,,
19,,,,,,,
49,,,,,,,
51,,,,,,,
64,,,,,,,
67,,,,,,,
37,,,,,,,
40,,,,,,,
38,,,,,,,
66,,,,,,,
47,,,,,,,
56,,,,,,,
51,,,,,,,
25,,,,,,,
37,,,,,,,
41,,,,,,,
64,,,,,,,
23,,,,,,,
62,,,,,,,
39,,,,,,,
52,,,,,,,
50,,,,,,,
28,,,,,,,
67,,,,,,,
41,,,,,,,
19,,,,,,,
70,,,,,,,
49,,,,,,,
59,,,,,,,
52,,,,,,,
20,,,,,,,
31,,,,,,,
33,,,,,,,
44,,,,,,,
40,,,,,,,
69,,,,,,,
29,,,,,,,
54,,,,,,,
65,,,,,,,
54,,,,,,,
60,,,,,,,
43,,,,,,,
44,,,,,,,
69,,,,,,,
46,,,,,,,
41,,,,,,,
32,,,,,,,
26,,,,,,,
61,,,,,,,
49,,,,,,,
53,,,,,,,
24,,,,,,,
37,,,,,,,
43,,,,,,,
31,,,,,,,
49,,,,,,,
69,,,,,,,
65,,,,,,,
41,,,,,,,
37,,,,,,,
70,,,,,,,
63,,,,,,,
55,,,,,,,
52,,,,,,,
22,,,,,,,
54,,,,,,,
28,,,,,,,
67,,,,,,,
59,,,,,,,
26,,,,,,,
24,,,,,,,
62,,,,,,,
70,,,,,,,
45,,,,,,,
58,,,,,,,
31,,,,,,,
32,,,,,,,
36,,,,,,,
25,,,,,,,
48,,,,,,,
39,,,,,,,
26,,,,,,,
32,,,,,,,
54,,,,,,,
38,,,,,,,
46,,,,,,,
57,,,,,,,
49,,,,,,,
33,,,,,,,
54,,,,,,,
47,,,,,,,
36,,,,,,,
68,,,,,,,
60,,,,,,,
55,,,,,,,
29,,,,,,,
38,,,,,,,
70,,,,,,,
36,,,,,,,
18,,,,,,,
62,,,,,,,
29,,,,,,,
21,,,,,,,
42,,,,,,,
43,,,,,,,
58,,,,,,,
27,,,,,,,
57,,,,,,,
40,,,,,,,
45,,,,,,,
47,,,,,,,
61,,,,,,,
60,,,,,,,
69,,,,,,,
58,,,,,,,
34,,,,,,,
20,,,,,,,
56,,,,,,,
64,,,,,,,
56,,,,,,,
27,,,,,,,
35,,,,,,,
24,,,,,,,
26,,,,,,,
32,,,,,,,
54,,,,,,,
62,,,,,,,
50,,,,,,,
70,,,,,,,
48,,,,,,,
20,,,,,,,
46,,,,,,,
51,,,,,,,
53,,,,,,,
44,,,,,,,
29,,,,,,,
64,,,,,,,
51,,,,,,,
50,,,,,,,
43,,,,,,,
61,,,,,,,
55,,,,,,,
56,,,,,,,
33,,,,,,,
43,,,,,,,
21,,,,,,,
58,,,,,,,
41,,,,,,,
39,,,,,,,
54,,,,,,,
43,,,,,,,
28,,,,,,,
59,,,,,,,
28,,,,,,,
68,,,,,,,
20,,,,,,,
21,,,,,,,
50,,,,,,,
32,,,,,,,
24,,,,,,,
55,,,,,,,
61,,,,,,,
61,,,,,,,
28,,,,,,,
60,,,,,,,
49,,,,,,,
33,,,,,,,
45,,,,,,,
29,,,,,,,
58,,,,,,,
22,,,,,,,
55,,,,,,,
19,,,,,,,
68,,,,,,,
61,,,,,,,
68,,,,,,,
52,,,,,,,
41,,,,,,,
29,,,,,,,
68,,,,,,,
36,,,,,,,
55,,,,,,,
28,,,,,,,
39,,,,,,,
54,,,,,,,
40,,,,,,,
31,,,,,,,
30,,,,,,,
45,,,,,,,
48,,,,,,,
45,,,,,,,
60,,,,,,,
59,,,,,,,
18,,,,,,,
70,,,,,,,
20,,,,,,,
65,,,,,,,
29,,,,,,,
22,,,,,,,
27,,,,,,,
36,,,,,,,
59,,,,,,,
62,,,,,,,
34,,,,,,,
59,,,,,,,
49,,,,,,,
18,,,,,,,
55,,,,,,,
38,,,,,,,
50,,,,,,,
61,,,,,,,
48,,,,,,,
22,,,,,,,
48,,,,,,,
57,,,,,,,
33,,,,,,,
58,,,,,,,
37,,,,,,,
18,,,,,,,
65,,,,,,,
62,,,,,,,
54,,,,,,,
35,,,,,,,
34,,,,,,,
25,,,,,,,
53,,,,,,,
45,,,,,,,
49,,,,,,,
40,,,,,,,
38,,,,,,,
44,,,,,,,
68,,,,,,,
60,,,,,,,
25,,,,,,,
19,,,,,,,
57,,,,,,,
58,,,,,,,
49,,,,,,,
19,,,,,,,
50,,,,,,,
30,,,,,,,
52,,,,,,,
35,,,,,,,
35,,,,,,,
33,,,,,,,
52,,,,,,,
69,,,,,,,
27,,,,,,,
66,,,,,,,
28,,,,,,,
22,,,,,,,
69,,,,,,,
28,,,,,,,
55,,,,,,,
30,,,,,,,
67,,,,,,,
25,,,,,,,
49,,,,,,,
34,,,,,,,
22,,,,,,,
63,,,,,,,
70,,,,,,,
36,,,,,,,
42,,,,,,,
27,,,,,,,
23,,,,,,,
50,,,,,,,
56,,,,,,,
37,,,,,,,
67,,,,,,,
67,,,,,,,
50,,,,,,,
36,,,,,,,
62,,,,,,,
65,,,,,,,
23,,,,,,,
46,,,,,,,
18,,,,,,,
58,,,,,,,
31,,,,,,,
39,,,,,,,
69,,,,,,,
68,,,,,,,
41,,,,,,,
31,,,,,,,
48,,,,,,,
59,,,,,,,
34,,,,,,,
21,,,,,,,
29,,,,,,,
41,,,,,,,
62,,,,,,,
27,,,,,,,
49,,,,,,,
67,,,,,,,
20,,,,,,,
37,,,,,,,
69,,,,,,,
66,,,,,,,
37,,,,,,,
63,,,,,,,
47,,,,,,,
26,,,,,,,
68,,,,,,,
51,,,,,,,
48,,,,,,,
60,,,,,,,
68,,,,,,,
25,,,,,,,
57,,,,,,,
41,,,,,,,
59,,,,,,,
44,,,,,,,
42,,,,,,,
35,,,,,,,
36,,,,,,,
54,,,,,,,
37,,,,,,,
20,,,,,,,
23,,,,,,,
61,,,,,,,
37,,,,,,,
23,,,,,,,
63,,,,,,,
47,,,,,,,
63,,,,,,,
56,,,,,,,
68,,,,,,,
64,,,,,,,
62,,,,,,,
34,,,,,,,
49,,,,,,,
40,,,,,,,
50,,,,,,,
25,,,,,,,
30,,,,,,,
54,,,,,,,
40,,,,,,,
49,,,,,,,
27,,,,,,,
27,,,,,,,
48,,,,,,,
40,,,,,,,
67,,,,,,,
52,,,,,,,
22,,,,,,,
62,,,,,,,
20,,,,,,,
41,,,,,,,
34,,,,,,,
23,,,,,,,
32,,,,,,,
68,,,,,,,
30,,,,,,,
66,,,,,,,
62,,,,,,,
50,,,,,,,
55,,,,,,,
19,,,,,,,
67,,,,,,,
18,,,,,,,
58,,,,,,,
69,,,,,,,
62,,,,,,,
28,,,,,,,
53,,,,,,,
27,,,,,,,
55,,,,,,,
34,,,,,,,
25,,,,,,,
66,,,,,,,
57,,,,,,,
46,,,,,,,
38,,,,,,,
23,,,,,,,
42,,,,,,,
25,,,,,,,
55,,,,,,,
62,,,,,,,
41,,,,,,,
58,,,,,,,
56,,,,,,,
25,,,,,,,
70,,,,,,,
42,,,,,,,
27,,,,,,,
65,,,,,,,
62,,,,,,,
62,,,,,,,
52,,,,,,,
56,,,,,,,
28,,,,,,,
39,,,,,,,
54,,,,,,,
30,,,,,,,
45,,,,,,,
68,,,,,,,
47,,,,,,,
68,,,,,,,
63,,,,,,,
20,,,,,,,
29,,,,,,,
41,,,,,,,
52,,,,,,,
32,,,,,,,
20,,,,,,,
47,,,,,,,
23,,,,,,,
43,,,,,,,
67,,,,,,,
70,,,,,,,
35,,,,,,,
41,,,,,,,
54,,,,,,,
55,,,,,,,
51,,,,,,,
19,,,,,,,
28,,,,,,,
63,,,,,,,
30,,,,,,,
29,,,,,,,
24,,,,,,,
69,,,,,,,
65,,,,,,,
64,,,,,,,
40,,,,,,,
24,,,,,,,
66,,,,,,,
35,,,,,,,
67,,,,,,,
69,,,,,,,
26,,,,,,,
23,,,,,,,
27,,,,,,,
30,,,,,,,
48,,,,,,,
44,,,,,,,
29,,,,,,,
29,,,,,,,
67,,,,,,,
42,,,,,,,
23,,,,,,,
34,,,,,,,
64,,,,,,,
31,,,,,,,
54,,,,,,,
23,,,,,,,
59,,,,,,,
32,,,,,,,
43,,,,,,,
32,,,,,,,
66,,,,,,,
70,,,,,,,
42,,,,,,,
56,,,,,,,
28,,,,,,,
28,,,,,,,
52,,,,,,,
65,,,,,,,
56,,,,,,,
59,,,,,,,
23,,,,,,,
58,,,,,,,
39,,,,,,,
28,,,,,,,
40,,,,,,,
52,,,,,,,
37,,,,,,,
70,,,,,,,
30,,,,,,,
38,,,,,,,
66,,,,,,,
29,,,,,,,
46,,,,,,,
56,,,,,,,
23,,,,,,,
37,,,,,,,
56,,,,,,,
36,,,,,,,
40,,,,,,,
26,,,,,,,
57,,,,,,,
68,,,,,,,
56,,,,,,,
40,,,,,,,
44,,,,,,,
44,,,,,,,
19,,,,,,,
21,,,,,,,
31,,,,,,,
30,,,,,,,
65,,,,,,,
39,,,,,,,
64,,,,,,,
59,,,,,,,
49,,,,,,,
24,,,,,,,
19,,,,,,,
27,,,,,,,
56,,,,,,,
49,,,,,,,
41,,,,,,,
36,,,,,,,
68,,,,,,,
28,,,,,,,
45,,,,,,,
60,,,,,,,
21,,,,,,,
32,,,,,,,
27,,,,,,,
40,,,,,,,
64,,,,,,,
18,,,,,,,
22,,,,,,,
42,,,,,,,
57,,,,,,,
33,,,,,,,
37,,,,,,,
21,,,,,,,
51,,,,,,,
30,,,,,,,
68,,,,,,,
36,,,,,,,
46,,,,,,,
41,,,,,,,
68,,,,,,,
21,,,,,,,
62,,,,,,,
59,,,,,,,
25,,,,,,,
53,,,,,,,
31,,,,,,,
46,,,,,,,
26,,,,,,,
47,,,,,,,
37,,,,,,,
55,,,,,,,
30,,,,,,,
19,,,,,,,
36,,,,,,,
23,,,,,,,
62,,,,,,,
26,,,,,,,
36,,,,,,,
33,,,,,,,
32,,,,,,,
56,,,,,,,
58,,,,,,,
34,,,,,,,
61,,,,,,,
48,,,,,,,
25,,,,,,,
51,,,,,,,
29,,,,,,,
54,,,,,,,
48,,,,,,,
62,,,,,,,
18,,,,,,,
43,,,,,,,
22,,,,,,,
68,,,,,,,
44,,,,,,,
51,,,,,,,
66,,,,,,,
59,,,,,,,
60,,,,,,,
31,,,,,,,
20,,,,,,,
24,,,,,,,
48,,,,,,,
39,,,,,,,
34,,,,,,,
70,,,,,,,
59,,,,,,,
45,,,,,,,
35,,,,,,,
69,,,,,,,
58,,,,,,,
25,,,,,,,
27,,,,,,,
34,,,,,,,
53,,,,,,,
58,,,,,,,
32,,,,,,,
64,,,,,,,
63,,,,,,,
23,,,,,,,
64,,,,,,,
18,,,,,,,
25,,,,,,,
54,,,,,,,
60,,,,,,,
36,,,,,,,
66,,,,,,,
60,,,,,,,
59,,,,,,,
58,,,,,,,
35,,,,,,,
20,,,,,,,
70,,,,,,,
54,,,,,,,
38,,,,,,,
54,,,,,,,
33,,,,,,,
46,,,,,,,
58,,,,,,,
30,,,,,,,
42,,,,,,,
28,,,,,,,
43,,,,,,,
31,,,,,,,
39,,,,,,,
69,,,,,,,
31,,,,,,,
44,,,,,,,
39,,,,,,,
24,,,,,,,
28,,,,,,,
48,,,,,,,
39,,,,,,,
64,,,,,,,
28,,,,,,,
39,,,,,,,
49,,,,,,,
22,,,,,,,
25,,,,,,,
40,,,,,,,
23,,,,,,,
24,,,,,,,
66,,,,,,,
27,,,,,,,
62,,,,,,,
70,,,,,,,
43,,,,,,,
45,,,,,,,
63,,,,,,,
69,,,,,,,
59,,,,,,,
19,,,,,,,
63,,,,,,,
37,,,,,,,
37,,,,,,,
50,,,,,,,
60,,,,,,,
46,,,,,,,
35,,,,,,,
66,,,,,,,
35,,,,,,,
20,,,,,,,
55,,,,,,,
34,,,,,,,
60,,,,,,,
22,,,,,,,
26,,,,,,,
39,,,,,,,
20,,,,,,,
57,,,,,,,
68,,,,,,,
50,,,,,,,
21,,,,,,,
29,,,,,,,
38,,,,,,,
54,,,,,,,
22,,,,,,,
29,,,,,,,
41,,,,,,,
26,,,,,,,
69,,,,,,,
20,,,,,,,
59,,,,,,,
63,,,,,,,
68,,,,,,,
50,,,,,,,
55,,,,,,,
36,,,,,,,
18,,,,,,,
68,,,,,,,
56,,,,,,,
32,,,,,,,
28,,,,,,,
24,,,,,,,
59,,,,,,,
56,,,,,,,
30,,,,,,,
48,,,,,,,
60,,,,,,,
46,,,,,,,
69,,,,,,,
19,,,,,,,
66,,,,,,,
64,,,,,,,
54,,,,,,,
27,,,,,,,
64,,,,,,,
43,,,,,,,
43,,,,,,,
27,,,,,,,
35,,,,,,,
43,,,,,,,
57,,,,,,,
50,,,,,,,
37,,,,,,,
68,,,,,,,
22,,,,,,,
58,,,,,,,
48,,,,,,,
30,,,,,,,
51,,,,,,,
20,,,,,,,
30,,,,,,,
28,,,,,,,
37,,,,,,,
36,,,,,,,
18,,,,,,,
52,,,,,,,
56,,,,,,,
68,,,,,,,
62,,,,,,,
35,,,,,,,
65,,,,,,,
69,,,,,,,
28,,,,,,,
37,,,,,,,
41,,,,,,,
37,,,,,,,
25,,,,,,,
41,,,,,,,
48,,,,,,,
42,,,,,,,
54,,,,,,,
18,,,,,,,
56,,,,,,,
61,,,,,,,
40,,,,,,,
34,,,,,,,
42,,,,,,,
43,,,,,,,
47,,,,,,,
48,,,,,,,
20,,,,,,,
65,,,,,,,
54,,,,,,,
23,,,,,,,
18,,,,,,,
70,,,,,,,
55,,,,,,,
49,,,,,,,
26,,,,,,,
33,,,,,,,
20,,,,,,,
41,,,,,,,
18,,,,,,,
26,,,,,,,
30,,,,,,,
64,,,,,,,
26,,,,,,,
43,,,,,,,
63,,,,,,,
57,,,,,,,
25,,,,,,,
68,,,,,,,
31,,,,,,,
64,,,,,,,
38,,,,,,,
34,,,,,,,
32,,,,,,,
69,,,,,,,
45,,,,,,,
35,,,,,,,
63,,,,,,,
65,,,,,,,
35,,,,,,,
54,,,,,,,
28,,,,,,,
68,,,,,,,
58,,,,,,,
35,,,,,,,
68,,,,,,,
41,,,,,,,
65,,,,,,,
50,,,,,,,
18,,,,,,,
38,,,,,,,
68,,,,,,,
53,,,,,,,
58,,,,,,,
34,,,,,,,
36,,,,,,,
58,,,,,,,
60,,,,,,,
59,,,,,,,
65,,,,,,,
31,,,,,,,
43,,,,,,,
37,,,,,,,
21,,,,,,,
69,,,,,,,
32,,,,,,,
53,,,,,,,
59,,,,,,,
64,,,,,,,
63,,,,,,,
43,,,,,,,
19,,,,,,,
40,,,,,,,
51,,,,,,,
51,,,,,,,
66,,,,,,,
42,,,,,,,
22,,,,,,,
31,,,,,,,
18,,,,,,,
21,,,,,,,
35,,,,,,,
35,,,,,,,
27,,,,,,,
65,,,,,,,
41,,,,,,,
60,,,,,,,
61,,,,,,,
24,,,,,,,
65,,,,,,,
23,,,,,,,
30,,,,,,,
33,,,,,,,
22,,,,,,,
67,,,,,,,
28,,,,,,,
32,,,,,,,
40,,,,,,,
64,,,,,,,
56,,,,,,,
63,,,,,,,
20,,,,,,,
54,,,,,,,
31,,,,,,,
36,,,,,,,
25,,,,,,,
20,,,,,,,
62,,,,,,,
69,,,,,,,
54,,,,,,,
39,,,,,,,
56,,,,,,,
39,,,,,,,
37,,,,,,,
25,,,,,,,
35,,,,,,,
45,,,,,,,
19,,,,,,,
21,,,,,,,
65,,,,,,,
49,,,,,,,
30,,,,,,,
23,,,,,,,
69,,,,,,,
29,,,,,,,
54,,,,,,,
45,,,,,,,
25,,,,,,,
34,,,,,,,
46,,,,,,,
70,,,,,,,
42,,,,,,,
45,,,,,,,
57,,,,,,,
49,,,,,,,
23,,,,,,,
47,,,,,,,
23,,,,,,,
21,,,,,,,
45,,,,,,,
67,,,,,,,
31,,,,,,,
58,,,,,,,
57,,,,,,,
42,,,,,,,
60,,,,,,,
21,,,,,,,
69,,,,,,,
41,,,,,,,
51,,,,,,,
23,,,,,,,
57,,,,,,,
40,,,,,,,
65,,,,,,,
61,,,,,,,
34,,,,,,,
43,,,,,,,
31,,,,,,,
57,,,,,,,
34,,,,,,,
25,,,,,,,
66,,,,,,,
56,,,,,,,
49,,,,,,,
19,,,,,,,
27,,,,,,,
68,,,,,,,
20,,,,,,,
21,,,,,,,
36,,,,,,,
37,,,,,,,
61,,,,,,,
68,,,,,,,
60,,,,,,,
69,,,,,,,
25,,,,,,,
32,,,,,,,
53,,,,,,,
46,,,,,,,
58,,,,,,,
21,,,,,,,
46,,,,,,,
18,,,,,,,
56,,,,,,,
18,,,,,,,
49,,,,,,,
29,,,,,,,
67,,,,,,,
31,,,,,,,
52,,,,,,,
42,,,,,,,
32,,,,,,,
47,,,,,,,
45,,,,,,,
20,,,,,,,
66,,,,,,,
52,,,,,,,
50,,,,,,,
62,,,,,,,
38,,,,,,,
65,,,,,,,
60,,,,,,,
68,,,,,,,
62,,,,,,,
62,,,,,,,
40,,,,,,,
32,,,,,,,
22,,,,,,,
33,,,,,,,
57,,,,,,,
60,,,,,,,
30,,,,,,,
41,,,,,,,
58,,,,,,,
34,,,,,,,
67,,,,,,,
58,,,,,,,
41,,,,,,,
42,,,,,,,
50,,,,,,,
40,,,,,,,
32,,,,,,,
51,,,,,,,
26,,,,,,,
32,,,,,,,
58,,,,,,,
51,,,,,,,
19,,,,,,,
57,,,,,,,
66,,,,,,,
62,,,,,,,
58,,,,,,,
23,,,,,,,
45,,,,,,,
20,,,,,,,
33,,,,,,,
30,,,,,,,
50,,,,,,,
62,,,,,,,
69,,,,,,,
34,,,,,,,
49,,,,,,,
65,,,,,,,
66,,,,,,,
41,,,,,,,
37,,,,,,,
32,,,,,,,
42,,,,,,,
31,,,,,,,
61,,,,,,,
36,,,,,,,
60,,,,,,,
51,,,,,,,
68,,,,,,,
46,,,,,,,
19,,,,,,,
30,,,,,,,
51,,,,,,,
28,,,,,,,
41,,,,,,,
29,,,,,,,
25,,,,,,,
60,,,,,,,
63,,,,,,,
51,,,,,,,
22,,,,,,,
54,,,,,,,
18,,,,,,,
29,,,,,,,
59,,,,,,,
25,,,,,,,
19,,,,,,,
56,,,,,,,
31,,,,,,,
45,,,,,,,
23,,,,,,,
18,,,,,,,
43,,,,,,,
56,,,,,,,
43,,,,,,,
64,,,,,,,
67,,,,,,,
63,,,,,,,
54,,,,,,,
69,,,,,,,
34,,,,,,,
56,,,,,,,
34,,,,,,,
58,,,,,,,
44,,,,,,,
25,,,,,,,
27,,,,,,,
26,,,,,,,
18,,,,,,,
64,,,,,,,
62,,,,,,,
59,,,,,,,
36,,,,,,,
69,,,,,,,
39,,,,,,,
28,,,,,,,
42,,,,,,,
31,,,,,,,
57,,,,,,,
53,,,,,,,
59,,,,,,,
32,,,,,,,
65,,,,,,,
56,,,,,,,
31,,,,,,,
59,,,,,,,
22,,,,,,,
47,,,,,,,
23,,,,,,,
69,,,,,,,
18,,,,,,,
50,,,,,,,
29,,,,,,,
65,,,,,,,
29,,,,,,,
49,,,,,,,
28,,,,,,,
51,,,,,,,
26,,,,,,,
38,,,,,,,
35,,,,,,,
34,,,,,,,
51,,,,,,,
47,,,,,,,
18,,,,,,,
64,,,,,,,
30,,,,,,,
59,,,,,,,
66,,,,,,,
40,,,,,,,
25,,,,,,,
59,,,,,,,
66,,,,,,,
54,,,,,,,
42,,,,,,,
48,,,,,,,
34,,,,,,,
19,,,,,,,
70,,,,,,,
43,,,,,,,
46,,,,,,,
66,,,,,,,
50,,,,,,,
55,,,,,,,
63,,,,,,,
32,,,,,,,
30,,,,,,,
35,,,,,,,
59,,,,,,,
59,,,,,,,
54,,,,,,,
63,,,,,,,
43,,,,,,,
33,,,,,,,
57,,,,,,,
25,,,,,,,
26,,,,,,,
50,,,,,,,
70,,,,,,,
68,,,,,,,
39,,,,,,,
46,,,,,,,
57,,,,,,,
47,,,,,,,
40,,,,,,,
52,,,,,,,
40,,,,,,,
67,,,,,,,
67,,,,,,,
37,,,,,,,
67,,,,,,,
64,,,,,,,
28,,,,,,,
54,,,,,,,
54,,,,,,,
24,,,,,,,
27,,,,,,,
53,,,,,,,
32,,,,,,,
24,,,,,,,
45,,,,,,,
49,,,,,,,
51,,,,,,,
69,,,,,,,
41,,,,,,,
59,,,,,,,
26,,,,,,,
23,,,,,,,
62,,,,,,,
69,,,,,,,
46,,,,,,,
35,,,,,,,
32,,,,,,,
46,,,,,,,
33,,,,,,,
32,,,,,,,
33,,,,,,,
67,,,,,,,
67,,,,,,,
42,,,,,,,
20,,,,,,,
39,,,,,,,
26,,,,,,,
51,,,,,,,
31,,,,,,,
68,,,,,,,
44,,,,,,,
18,,,,,,,
58,,,,,,,
26,,,,,,,
57,,,,,,,
37,,,,,,,
24,,,,,,,
57,,,,,,,
48,,,,,,,
39,,,,,,,
51,,,,,,,
57,,,,,,,
53,,,,,,,
70,,,,,,,
60,,,,,,,
31,,,,,,,
41,,,,,,,
62,,,,,,,
59,,,,,,,
46,,,,,,,
62,,,,,,,
42,,,,,,,
37,,,,,,,
50,,,,,,,
29,,,,,,,
25,,,,,,,
66,,,,,,,
21,,,,,,,
46,,,,,,,
57,,,,,,,
61,,,,,,,
53,,,,,,,
37,,,,,,,
39,,,,,,,
53,,,,,,,
35,,,,,,,
69,,,,,,,
66,,,,,,,
19,,,,,,,
47,,,,,,,
49,,,,,,,
31,,,,,,,
39,,,,,,,
58,,,,,,,
45,,,,,,,
68,,,,,,,
35,,,,,,,
65,,,,,,,
45,,,,,,,
19,,,,,,,
65,,,,,,,
28,,,,,,,
55,,,,,,,
66,,,,,,,
29,,,,,,,
56,,,,,,,
21,,,,,,,
32,,,,,,,
54,,,,,,,
61,,,,,,,
31,,,,,,,
27,,,,,,,
64,,,,,,,
60,,,,,,,
70,,,,,,,
36,,,,,,,
56,,,,,,,
69,,,,,,,
39,,,,,,,
38,,,,,,,
36,,,,,,,
46,,,,,,,
59,,,,,,,
64,,,,,,,
49,,,,,,,
32,,,,,,,
29,,,,,,,
24,,,,,,,
41,,,,,,,
41,,,,,,,
32,,,,,,,
69,,,,,,,
65,,,,,,,
54,,,,,,,
39,,,,,,,
37,,,,,,,
51,,,,,,,
26,,,,,,,
42,,,,,,,
21,,,,,,,
53,,,,,,,
36,,,,,,,
21,,,,,,,
33,,,,,,,
49,,,,,,,
31,,,,,,,
68,,,,,,,
49,,,,,,,
23,,,,,,,
30,,,,,,,
53,,,,,,,
65,,,,,,,
60,,,,,,,
46,,,,,,,
54,,,,,,,
59,,,,,,,
52,,,,,,,
41,,,,,,,
43,,,,,,,
63,,,,,,,
37,,,,,,,
44,,,,,,,
67,,,,,,,
27,,,,,,,
60,,,,,,,
58,,,,,,,
53,,,,,,,
43,,,,,,,
32,,,,,,,
54,,,,,,,
47,,,,,,,
57,,,,,,,
63,,,,,,,
70,,,,,,,
62,,,,,,,
40,,,,,,,
25,,,,,,,
19,,,,,,,
25,,,,,,,
21,,,,,,,
55,,,,,,,
34,,,,,,,
47,,,,,,,
27,,,,,,,
67,,,,,,,
40,,,,,,,
53,,,,,,,
24,,,,,,,
47,,,,,,,
53,,,,,,,
47,,,,,,,
38,,,,,,,
48,,,,,,,
47,,,,,,,
19,,,,,,,
38,,,,,,,
57,,,,,,,
70,,,,,,,
38,,,,,,,
35,,,,,,,
46,,,,,,,
32,,,,,,,
38,,,,,,,
41,,,,,,,
19,,,,,,,
18,,,,,,,
45,,,,,,,
23,,,,,,,
60,,,,,,,
52,,,,,,,
42,,,,,,,
29,,,,,,,
31,,,,,,,
30,,,,,,,
23,,,,,,,
31,,,,,,,
40,,,,,,,
39,,,,,,,
28,,,,,,,
23,,,,,,,
42,,,,,,,
68,,,,,,,
24,,,,,,,
24,,,,,,,
21,,,,,,,
49,,,,,,,
41,,,,,,,
22,,,,,,,
42,,,,,,,
30,,,,,,,
38,,,,,,,
40,,,,,,,
55,,,,,,,
37,,,,,,,
41,,,,,,,
38,,,,,,,
42,,,,,,,
26,,,,,,,
41,,,,,,,
27,,,,,,,
61,,,,,,,
58,,,,,,,
25,,,,,,,
33,,,,,,,
57,,,,,,,
39,,,,,,,
60,,,,,,,
39,,,,,,,
42,,,,,,,
53,,,,,,,
20,,,,,,,
46,,,,,,,
46,,,,,,,
69,,,,,,,
28,,,,,,,
42,,,,,,,
30,,,,,,,
50,,,,,,,
59,,,,,,,
54,,,,,,,
50,,,,,,,
25,,,,,,,
41,,,,,,,
35,,,,,,,
67,,,,,,,
33,,,,,,,
19,,,,,,,
25,,,,,,,
32,,,,,,,
30,,,,,,,
18,,,,,,,
38,,,,,,,
22,,,,,,,
40,,,,,,,
54,,,,,,,
70,,,,,,,
52,,,,,,,
34,,,,,,,
65,,,,,,,
38,,,,,,,
35,,,,,,,
40,,,,,,,
23,,,,,,,
45,,,,,,,
40,,,,,,,
42,,,,,,,
57,,,,,,,
18,,,,,,,
18,,,,,,,
56,,,,,,,
35,,,,,,,
49,,,,,,,
49,,,,,,,
34,,,,,,,
63,,,,,,,
42,,,,,,,
41,,,,,,,
26,,,,,,,
48,,,,,,,
62,,,,,,,
24,,,,,,,
48,,,,,,,
31,,,,,,,
41,,,,,,,
24,,,,,,,
60,,,,,,,
38,,,,,,,
58,,,,,,,
53,,,,,,,
44,,,,,,,
51,,,,,,,
36,,,,,,,
20,,,,,,,
32,,,,,,,
66,,,,,,,
49,,,,,,,
27,,,,,,,
29,,,,,,,
29,,,,,,,
55,,,,,,,
57,,,,,,,
29,,,,,,,
31,,,,,,,
25,,,,,,,
61,,,,,,,
53,,,,,,,
22,,,,,,,
28,,,,,,,
18,,,,,,,
44,,,,,,,
32,,,,,,,
34,,,,,,,
67,,,,,,,
66,,,,,,,
28,,,,,,,
70,,,,,,,
37,,,,,,,
28,,,,,,,
43,,,,,,,
37,,,,,,,
54,,,,,,,
50,,,,,,,
46,,,,,,,
60,,,,,,,
40,,,,,,,
64,,,,,,,
18,,,,,,,
37,,,,,,,
36,,,,,,,
51,,,,,,,
26,,,,,,,
68,,,,,,,
27,,,,,,,
28,,,,,,,
49,,,,,,,
70,,,,,,,
30,,,,,,,
27,,,,,,,
19,,,,,,,
64,,,,,,,
42,,,,,,,
69,,,,,,,
28,,,,,,,
47,,,,,,,
69,,,,,,,
56,,,,,,,
28,,,,,,,
50,,,,,,,
39,,,,,,,
35,,,,,,,
59,,,,,,,
44,,,,,,,
66,,,,,,,
20,,,,,,,
45,,,,,,,
49,,,,,,,
60,,,,,,,
61,,,,,,,
36,,,,,,,
33,,,,,,,
49,,,,,,,
31,,,,,,,
19,,,,,,,
39,,,,,,,
66,,,,,,,
25,,,,,,,
63,,,,,,,
56,,,,,,,
20,,,,,,,
58,,,,,,,
34,,,,,,,
28,,,,,,,
22,,,,,,,
37,,,,,,,
54,,,,,,,
65,,,,,,,
57,,,,,,,
38,,,,,,,
70,,,,,,,
56,,,,,,,
56,,,,,,,
22,,,,,,,
57,,,,,,,
53,,,,,,,
53,,,,,,,
19,,,,,,,
49,,,,,,,
44,,,,,,,
27,,,,,,,
60,,,,,,,
62,,,,,,,
52,,,,,,,
30,,,,,,,
66,,,,,,,
29,,,,,,,
24,,,,,,,
51,,,,,,,
67,,,,,,,
50,,,,,,,
37,,,,,,,
69,,,,,,,
60,,,,,,,
21,,,,,,,
44,,,,,,,
26,,,,,,,
40,,,,,,,
41,,,,,,,
62,,,,,,,
39,,,,,,,
53,,,,,,,
24,,,,,,,
41,,,,,,,
19,,,,,,,
36,,,,,,,
21,,,,,,,
25,,,,,,,
65,,,,,,,
42,,,,,,,
40,,,,,,,
58,,,,,,,
40,,,,,,,
62,,,,,,,
38,,,,,,,
37,,,,,,,
65,,,,,,,
55,,,,,,,
43,,,,,,,
43,,,,,,,
45,,,,,,,
64,,,,,,,
28,,,,,,,
69,,,,,,,
54,,,,,,,
52,,,,,,,
23,,,,,,,
26,,,,,,,
48,,,,,,,
49,,,,,,,
53,,,,,,,
69,,,,,,,
26,,,,,,,
21,,,,,,,
59,,,,,,,
21,,,,,,,
22,,,,,,,
26,,,,,,,
41,,,,,,,
37,,,,,,,
30,,,,,,,
49,,,,,,,
49,,,,,,,
58,,,,,,,
70,,,,,,,
27,,,,,,,
65,,,,,,,
57,,,,,,,
20,,,,,,,
34,,,,,,,
59,,,,,,,
54,,,,,,,
36,,,,,,,
21,,,,,,,
52,,,,,,,
43,,,,,,,
32,,,,,,,
55,,,,,,,
31,,,,,,,
45,,,,,,,
53,,,,,,,
24,,,,,,,
47,,,,,,,
63,,,,,,,
38,,,,,,,
59,,,,,,,
54,,,,,,,
26,,,,,,,
68,,,,,,,
41,,,,,,,
68,,,,,,,
21,,,,,,,
32,,,,,,,
20,,,,,,,
59,,,,,,,
53,,,,,,,
66,,,,,,,
47,,,,,,,
58,,,,,,,
28,,,,,,,
68,,,,,,,
60,,,,,,,
47,,,,,,,
18,,,,,,,
32,,,,,,,
27,,,,,,,
65,,,,,,,
68,,,,,,,
55,,,,,,,
30,,,,,,,
24,,,,,,,
57,,,,,,,
23,,,,,,,
69,,,,,,,
60,,,,,,,
25,,,,,,,
18,,,,,,,
37,,,,,,,
61,,,,,,,
41,,,,,,,
69,,,,,,,
32,,,,,,,
60,,,,,,,
43,,,,,,,
61,,,,,,,
57,,,,,,,
56,,,,,,,
66,,,,,,,
52,,,,,,,
63,,,,,,,
50,,,,,,,
21,,,,,,,
42,,,,,,,
40,,,,,,,
67,,,,,,,
35,,,,,,,
18,,,,,,,
52,,,,,,,
59,,,,,,,
49,,,,,,,
46,,,,,,,
69,,,,,,,
56,,,,,,,
27,,,,,,,
57,,,,,,,
58,,,,,,,
23,,,,,,,
19,,,,,,,
40,,,,,,,
54,,,,,,,
50,,,,,,,
69,,,,,,,
42,,,,,,,
37,,,,,,,
46,,,,,,,
64,,,,,,,
20,,,,,,,
40,,,,,,,
64,,,,,,,
29,,,,,,,
20,,,,,,,
43,,,,,,,
60,,,,,,,
39,,,,,,,
47,,,,,,,
19,,,,,,,
52,,,,,,,
34,,,,,,,
25,,,,,,,
43,,,,,,,
55,,,,,,,
66,,,,,,,
41,,,,,,,
47,,,,,,,
51,,,,,,,
44,,,,,,,
18,,,,,,,
33,,,,,,,
24,,,,,,,
33,,,,,,,
61,,,,,,,
27,,,,,,,
46,,,,,,,
38,,,,,,,
63,,,,,,,
47,,,,,,,
42,,,,,,,
41,,,,,,,
53,,,,,,,
29,,,,,,,
61,,,,,,,
69,,,,,,,
51,,,,,,,
24,,,,,,,
24,,,,,,,
70,,,,,,,
49,,,,,,,
48,,,,,,,
58,,,,,,,
32,,,,,,,
57,,,,,,,
69,,,,,,,
42,,,,,,,
30,,,,,,,
35,,,,,,,
19,,,,,,,
52,,,,,,,
42,,,,,,,
36,,,,,,,
45,,,,,,,
54,,,,,,,
54,,,,,,,
27,,,,,,,
53,,,,,,,
20,,,,,,,
52,,,,,,,
54,,,,,,,
65,,,,,,,
43,,,,,,,
57,,,,,,,
19,,,,,,,
69,,,,,,,
26,,,,,,,
57,,,,,,,
20,,,,,,,
55,,,,,,,
44,,,,,,,
52,,,,,,,
57,,,,,,,
40,,,,,,,
23,,,,,,,
36,,,,,,,
59,,,,,,,
29,,,,,,,
63,,,,,,,
60,,,,,,,
64,,,,,,,
63,,,,,,,
21,,,,,,,
61,,,,,,,
65,,,,,,,
69,,,,,,,
47,,,,,,,
41,,,,,,,
68,,,,,,,
41,,,,,,,
42,,,,,,,
66,,,,,,,
66,,,,,,,
33,,,,,,,
55,,,,,,,
58,,,,,,,
18,,,,,,,
49,,,,,,,
61,,,,,,,
31,,,,,,,
70,,,,,,,
68,,,,,,,
27,,,,,,,
48,,,,,,,
63,,,,,,,
49,,,,,,,
19,,,,,,,
30,,,,,,,
50,,,,,,,
66,,,,,,,
25,,,,,,,
61,,,,,,,
29,,,,,,,
53,,,,,,,
24,,,,,,,
51,,,,,,,
26,,,,,,,
59,,,,,,,
41,,,,,,,
20,,,,,,,
22,,,,,,,
18,,,,,,,
30,,,,,,,
25,,,,,,,
39,,,,,,,
49,,,,,,,
25,,,,,,,
23,,,,,,,
33,,,,,,,
60,,,,,,,
51,,,,,,,
23,,,,,,,
20,,,,,,,
51,,,,,,,
23,,,,,,,
67,,,,,,,
23,,,,,,,
26,,,,,,,
52,,,,,,,
52,,,,,,,
52,,,,,,,
35,,,,,,,
24,,,,,,,
43,,,,,,,
25,,,,,,,
46,,,,,,,
22,,,,,,,
70,,,,,,,
49,,,,,,,
48,,,,,,,
59,,,,,,,
39,,,,,,,
30,,,,,,,
37,,,,,,,
56,,,,,,,
67,,,,,,,
40,,,,,,,
24,,,,,,,
43,,,,,,,
45,,,,,,,
33,,,,,,,
53,,,,,,,
44,,,,,,,
23,,,,,,,
59,,,,,,,
68,,,,,,,
46,,,,,,,
56,,,,,,,
40,,,,,,,
61,,,,,,,
53,,,,,,,
29,,,,,,,
44,,,,,,,
43,,,,,,,
40,,,,,,,
55,,,,,,,
66,,,,,,,
50,,,,,,,
57,,,,,,,
42,,,,,,,
55,,,,,,,
25,,,,,,,
22,,,,,,,
49,,,,,,,
70,,,,,,,
56,,,,,,,
52,,,,,,,
65,,,,,,,
24,,,,,,,
32,,,,,,,
57,,,,,,,
35,,,,,,,
69,,,,,,,
30,,,,,,,
37,,,,,,,
19,,,,,,,
53,,,,,,,
25,,,,,,,
47,,,,,,,
18,,,,,,,
22,,,,,,,
69,,,,,,,
55,,,,,,,
19,,,,,,,
23,,,,,,,
54,,,,,,,
52,,,,,,,
64,,,,,,,
33,,,,,,,
40,,,,,,,
26,,,,,,,
31,,,,,,,
23,,,,,,,
52,,,,,,,
21,,,,,,,
31,,,,,,,
63,,,,,,,
46,,,,,,,
44,,,,,,,
57,,,,,,,
50,,,,,,,
33,,,,,,,
19,,,,,,,
68,,,,,,,
27,,,,,,,
61,,,,,,,
38,,,,,,,
28,,,,,,,
39,,,,,,,
18,,,,,,,
24,,,,,,,
64,,,,,,,
51,,,,,,,
27,,,,,,,
48,,,,,,,
69,,,,,,,
59,,,,,,,
59,,,,,,,
42,,,,,,,
39,,,,,,,
32,,,,,,,
68,,,,,,,
41,,,,,,,
31,,,,,,,
58,,,,,,,
28,,,,,,,
63,,,,,,,
64,,,,,,,
66,,,,,,,
31,,,,,,,
55,,,,,,,
32,,,,,,,
50,,,,,,,
58,,,,,,,
18,,,,,,,
39,,,,,,,
56,,,,,,,
37,,,,,,,
46,,,,,,,
52,,,,,,,
70,,,,,,,
61,,,,,,,
33,,,,,,,
65,,,,,,,
41,,,,,,,
19,,,,,,,
33,,,,,,,
53,,,,,,,
54,,,,,,,
36,,,,,,,
56,,,,,,,
28,,,,,,,
34,,,,,,,
43,,,,,,,
54,,,,,,,
37,,,,,,,
33,,,,,,,
33,,,,,,,
55,,,,,,,
63,,,,,,,
52,,,,,,,
23,,,,,,,
70,,,,,,,
64,,,,,,,
22,,,,,,,
46,,,,,,,
65,,,,,,,
18,,,,,,,
45,,,,,,,
56,,,,,,,
49,,,,,,,
66,,,,,,,
27,,,,,,,
69,,,,,,,
66,,,,,,,
45,,,,,,,
31,,,,,,,
33,,,,,,,
43,,,,,,,
25,,,,,,,
46,,,,,,,
67,,,,,,,
26,,,,,,,
35,,,,,,,
61,,,,,,,
26,,,,,,,
39,,,,,,,
69,,,,,,,
32,,,,,,,
20,,,,,,,
25,,,,,,,
56,,,,,,,
63,,,,,,,
34,,,,,,,
29,,,,,,,
43,,,,,,,
39,,,,,,,
33,,,,,,,
51,,,,,,,
65,,,,,,,
51,,,,,,,
70,,,,,,,
40,,,,,,,
19,,,,,,,
28,,,,,,,
51,,,,,,,
32,,,,,,,
26,,,,,,,
50,,,,,,,
68,,,,,,,
33,,,,,,,
56,,,,,,,
57,,,,,,,
58,,,,,,,
40,,,,,,,
37,,,,,,,
36,,,,,,,
29,,,,,,,
65,,,,,,,
44,,,,,,,
34,,,,,,,
31,,,,,,,
28,,,,,,,
66,,,,,,,
68,,,,,,,
37,,,,,,,
58,,,,,,,
28,,,,,,,
54,,,,,,,
21,,,,,,,
45,,,,,,,
57,,,,,,,
47,,,,,,,
46,,,,,,,
63,,,,,,,
44,,,,,,,
36,,,,,,,
24,,,,,,,
65,,,,,,,
32,,,,,,,
63,,,,,,,
62,,,,,,,
19,,,,,,,
38,,,,,,,
59,,,,,,,
22,,,,,,,
55,,,,,,,
29,,,,,,,
42,,,,,,,
23,,,,,,,
70,,,,,,,
64,,,,,,,
39,,,,,,,
47,,,,,,,
22,,,,,,,
69,,,,,,,
35,,,,,,,
56,,,,,,,
30,,,,,,,
43,,,,,,,
23,,,,,,,
50,,,,,,,
41,,,,,,,
41,,,,,,,
27,,,,,,,
38,,,,,,,
41,,,,,,,
58,,,,,,,
58,,,,,,,
19,,,,,,,
43,,,,,,,
27,,,,,,,
32,,,,,,,
28,,,,,,,
48,,,,,,,
43,,,,,,,
45,,,,,,,
26,,,,,,,
62,,,,,,,
58,,,,,,,
19,,,,,,,
64,,,,,,,
33,,,,,,,
20,,,,,,,
45,,,,,,,
28,,,,,,,
47,,,,,,,
54,,,,,,,
64,,,,,,,
45,,,,,,,
40,,,,,,,
31,,,,,,,
38,,,,,,,
36,,,,,,,
65,,,,,,,
27,,,,,,,
38,,,,,,,
58,,,,,,,
31,,,,,,,
28,,,,,,,
28,,,,,,,
32,,,,,,,
61,,,,,,,
38,,,,,,,
54,,,,,,,
29,,,,,,,
50,,,,,,,
32,,,,,,,
38,,,,,,,
52,,,,,,,
61,,,,,,,
25,,,,,,,
22,,,,,,,
47,,,,,,,
50,,,,,,,
45,,,,,,,
33,,,,,,,
42,,,,,,,
52,,,,,,,
69,,,,,,,
55,,,,,,,
38,,,,,,,
57,,,,,,,
33,,,,,,,
57,,,,,,,
52,,,,,,,
44,,,,,,,
48,,,,,,,
52,,,,,,,
34,,,,,,,
26,,,,,,,
36,,,,,,,
24,,,,,,,
30,,,,,,,
31,,,,,,,
25,,,,,,,
57,,,,,,,
61,,,,,,,
30,,,,,,,
38,,,,,,,
53,,,,,,,
31,,,,,,,
70,,,,,,,
21,,,,,,,
33,,,,,,,
60,,,,,,,
45,,,,,,,
46,,,,,,,
62,,,,,,,
63,,,,,,,
69,,,,,,,
46,,,,,,,
69,,,,,,,
66,,,,,,,
41,,,,,,,
32,,,,,,,
69,,,,,,,
29,,,,,,,
70,,,,,,,
41,,,,,,,
31,,,,,,,
31,,,,,,,
57,,,,,,,
29,,,,,,,
70,,,,,,,
51,,,,,,,
45,,,,,,,
18,,,,,,,
37,,,,,,,
23,,,,,,,
39,,,,,,,
62,,,,,,,
70,,,,,,,
20,,,,,,,
42,,,,,,,
41,,,,,,,
24,,,,,,,
37,,,,,,,
30,,,,,,,
58,,,,,,,
43,,,,,,,
19,,,,,,,
23,,,,,,,
65,,,,,,,
58,,,,,,,
50,,,,,,,
67,,,,,,,
40,,,,,,,
55,,,,,,,
52,,,,,,,
62,,,,,,,
64,,,,,,,
43,,,,,,,
61,,,,,,,
26,,,,,,,
22,,,,,,,
51,,,,,,,
69,,,,,,,
50,,,,,,,
51,,,,,,,
56,,,,,,,
59,,,,,,,
18,,,,,,,
48,,,,,,,
53,,,,,,,
45,,,,,,,
21,,,,,,,
42,,,,,,,
60,,,,,,,
21,,,,,,,
69,,,,,,,
40,,,,,,,
31,,,,,,,
44,,,,,,,
48,,,,,,,
32,,,,,,,
42,,,,,,,
27,,,,,,,
69,,,,,,,
67,,,,,,,
41,,,,,,,
46,,,,,,,
47,,,,,,,
33,,,,,,,
51,,,,,,,
26,,,,,,,
22,,,,,,,
49,,,,,,,
58,,,,,,,
70,,,,,,,
32,,,,,,,
62,,,,,,,
52,,,,,,,
23,,,,,,,
26,,,,,,,
58,,,,,,,
26,,,,,,,
54,,,,,,,
66,,,,,,,
60,,,,,,,
32,,,,,,,
48,,,,,,,
69,,,,,,,
64,,,,,,,
56,,,,,,,
22,,,,,,,
46,,,,,,,
24,,,,,,,
47,,,,,,,
62,,,,,,,
34,,,,,,,
50,,,,,,,
29,,,,,,,
68,,,,,,,
52,,,,,,,
29,,,,,,,
22,,,,,,,
62,,,,,,,
69,,,,,,,
48,,,,,,,
66,,,,,,,
42,,,,,,,
50,,,,,,,
32,,,,,,,
51,,,,,,,
27,,,,,,,
43,,,,,,,
48,,,,,,,
62,,,,,,,
65,,,,,,,
50,,,,,,,
60,,,,,,,
19,,,,,,,
21,,,,,,,
19,,,,,,,
46,,,,,,,
21,,,,,,,
26,,,,,,,
50,,,,,,,
43,,,,,,,
61,,,,,,,
63,,,,,,,
46,,,,,,,
63,,,,,,,
23,,,,,,,
57,,,,,,,
57,,,,,,,
33,,,,,,,
57,,,,,,,
55,,,,,,,
65,,,,,,,
60,,,,,,,
52,,,,,,,
34,,,,,,,
33,,,,,,,
58,,,,,,,
35,,,,,,,
68,,,,,,,
58,,,,,,,
34,,,,,,,
47,,,,,,,
35,,,,,,,
34,,,,,,,
36,,,,,,,
23,,,,,,,
68,,,,,,,
23,,,,,,,
57,,,,,,,
21,,,,,,,
45,,,,,,,
37,,,,,,,
18,,,,,,,
55,,,,,,,
52,,,,,,,
49,,,,,,,
56,,,,,,,
27,,,,,,,
22,,,,,,,
18,,,,,,,
21,,,,,,,
30,,,,,,,
62,,,,,,,
28,,,,,,,
66,,,,,,,
66,,,,,,,
49,,,,,,,
40,,,,,,,
49,,,,,,,
19,,,,,,,
24,,,,,,,
31,,,,,,,
35,,,,,,,
65,,,,,,,
68,,,,,,,
57,,,,,,,
69,,,,,,,
45,,,,,,,
35,,,,,,,
36,,,,,,,
55,,,,,,,
66,,,,,,,
57,,,,,,,
18,,,,,,,
31,,,,,,,
50,,,,,,,
50,,,,,,,
61,,,,,,,
52,,,,,,,
38,,,,,,,
67,,,,,,,
42,,,,,,,
25,,,,,,,
41,,,,,,,
62,,,,,,,
19,,,,,,,
63,,,,,,,
43,,,,,,,
68,,,,,,,
24,,,,,,,
27,,,,,,,
61,,,,,,,
59,,,,,,,
67,,,,,,,
46,,,,,,,
65,,,,,,,
63,,,,,,,
57,,,,,,,
40,,,,,,,
36,,,,,,,
67,,,,,,,
61,,,,,,,
64,,,,,,,
30,,,,,,,
53,,,,,,,
27,,,,,,,
27,,,,,,,
53,,,,,,,
34,,,,,,,
39,,,,,,,
44,,,,,,,
37,,,,,,,
57,,,,,,,
38,,,,,,,
21,,,,,,,
45,,,,,,,
68,,,,,,,
37,,,,,,,
53,,,,,,,
57,,,,,,,
28,,,,,,,
37,,,,,,,
54,,,,,,,
49,,,,,,,
62,,,,,,,
45,,,,,,,
45,,,,,,,
49,,,,,,,
27,,,,,,,
63,,,,,,,
61,,,,,,,
25,,,,,,,
33,,,,,,,
56,,,,,,,
50,,,,,,,
45,,,,,,,
45,,,,,,,
65,,,,,,,
63,,,,,,,
70,,,,,,,
53,,,,,,,
22,,,,,,,
26,,,,,,,
23,,,,,,,
25,,,,,,,
69,,,,,,,
36,,,,,,,
21,,,,,,,
57,,,,,,,
60,,,,,,,
44,,,,,,,
31,,,,,,,
57,,,,,,,
39,,,,,,,
48,,,,,,,
42,,,,,,,
56,,,,,,,
28,,,,,,,
40,,,,,,,
49,,,,,,,
37,,,,,,,
22,,,,,,,
27,,,,,,,
59,,,,,,,
35,,,,,,,
58,,,,,,,
58,,,,,,,
46,,,,,,,
43,,,,,,,
39,,,,,,,
59,,,,,,,
59,,,,,,,
59,,,,,,,
45,,,,,,,
27,,,,,,,
24,,,,,,,
47,,,,,,,
70,,,,,,,
58,,,,,,,
45,,,,,,,
24,,,,,,,
67,,,,,,,
31,,,,,,,
52,,,,,,,
29,,,,,,,
62,,,,,,,
19,,,,,,,
62,,,,,,,
70,,,,,,,
20,,,,,,,
67,,,,,,,
65,,,,,,,
45,,,,,,,
26,,,,,,,
36,,,,,,,
36,,,,,,,
20,,,,,,,
30,,,,,,,
34,,,,,,,
63,,,,,,,
18,,,,,,,
55,,,,,,,
48,,,,,,,
45,,,,,,,
29,,,,,,,
55,,,,,,,
55,,,,,,,
55,,,,,,,
48,,,,,,,
42,,,,,,,
21,,,,,,,
45,,,,,,,
23,,,,,,,
66,,,,,,,
32,,,,,,,
52,,,,,,,
54,,,,,,,
37,,,,,,,
29,,,,,,,
47,,,,,,,
47,,,,,,,
42,,,,,,,
34,,,,,,,
38,,,,,,,
55,,,,,,,
27,,,,,,,
55,,,,,,,
66,,,,,,,
44,,,,,,,
39,,,,,,,
23,,,,,,,
29,,,,,,,
20,,,,,,,
42,,,,,,,
55,,,,,,,
66,,,,,,,
24,,,,,,,
62,,,,,,,
28,,,,,,,
30,,,,,,,
22,,,,,,,
28,,,,,,,
35,,,,,,,
45,,,,,,,
43,,,,,,,
55,,,,,,,
31,,,,,,,
42,,,,,,,
40,,,,,,,
39,,,,,,,
41,,,,,,,
56,,,,,,,
43,,,,,,,
22,,,,,,,
47,,,,,,,
50,,,,,,,
58,,,,,,,
50,,,,,,,
43,,,,,,,
38,,,,,,,
44,,,,,,,
30,,,,,,,
47,,,,,,,
30,,,,,,,
49,,,,,,,
56,,,,,,,
70,,,,,,,
22,,,,,,,
51,,,,,,,
22,,,,,,,
37,,,,,,,
49,,,,,,,
61,,,,,,,
41,,,,,,,
57,,,,,,,
34,,,,,,,
27,,,,,,,
39,,,,,,,
62,,,,,,,
34,,,,,,,
53,,,,,,,
35,,,,,,,
38,,,,,,,
32,,,,,,,
47,,,,,,,
53,,,,,,,
60,,,,,,,
31,,,,,,,
44,,,,,,,
29,,,,,,,
19,,,,,,,
54,,,,,,,
40,,,,,,,
39,,,,,,,
44,,,,,,,
22,,,,,,,
30,,,,,,,
69,,,,,,,
28,,,,,,,
57,,,,,,,
46,,,,,,,
48,,,,,,,
24,,,,,,,
50,,,,,,,
29,,,,,,,
61,,,,,,,
34,,,,,,,
27,,,,,,,
38,,,,,,,
25,,,,,,,
54,,,,,,,
53,,,,,,,
23,,,,,,,
19,,,,,,,
57,,,,,,,
19,,,,,,,
33,,,,,,,
33,,,,,,,
38,,,,,,,
47,,,,,,,
39,,,,,,,
32,,,,,,,
27,,,,,,,
67,,,,,,,
46,,,,,,,
36,,,,,,,
62,,,,,,,
31,,,,,,,
68,,,,,,,
57,,,,,,,
22,,,,,,,
26,,,,,,,
43,,,,,,,
45,,,,,,,
64,,,,,,,
28,,,,,,,
47,,,,,,,
53,,,,,,,
42,,,,,,,
51,,,,,,,
62,,,,,,,
18,,,,,,,
48,,,,,,,
20,,,,,,,
32,,,,,,,
26,,,,,,,
31,,,,,,,
55,,,,,,,
49,,,,,,,
42,,,,,,,
64,,,,,,,
68,,,,,,,
68,,,,,,,
41,,,,,,,
51,,,,,,,
44,,,,,,,
27,,,,,,,
36,,,,,,,
19,,,,,,,
49,,,,,,,
18,,,,,,,
36,,,,,,,
36,,,,,,,
19,,,,,,,
43,,,,,,,
31,,,,,,,
63,,,,,,,
41,,,,,,,
48,,,,,,,
68,,,,,,,
53,,,,,,,
36,,,,,,,
46,,,,,,,
21,,,,,,,
52,,,,,,,
66,,,,,,,
19,,,,,,,
44,,,,,,,
50,,,,,,,
51,,,,,,,
25,,,,,,,
62,,,,,,,
48,,,,,,,
62,,,,,,,
22,,,,,,,
48,,,,,,,
48,,,,,,,
62,,,,,,,
24,,,,,,,
39,,,,,,,
35,,,,,,,
47,,,,,,,
22,,,,,,,
38,,,,,,,
53,,,,,,,
31,,,,,,,
31,,,,,,,
65,,,,,,,
48,,,,,,,
18,,,,,,,
46,,,,,,,
52,,,,,,,
50,,,,,,,
49,,,,,,,
69,,,,,,,
36,,,,,,,
30,,,,,,,
25,,,,,,,
19,,,,,,,
34,,,,,,,
29,,,,,,,
50,,,,,,,
31,,,,,,,
41,,,,,,,
52,,,,,,,
27,,,,,,,
49,,,,,,,
69,,,,,,,
45,,,,,,,
20,,,,,,,
25,,,,,,,
38,,,,,,,
55,,,,,,,
62,,,,,,,
54,,,,,,,
61,,,,,,,
50,,,,,,,
65,,,,,,,
68,,,,,,,
55,,,,,,,
57,,,,,,,
56,,,,,,,
29,,,,,,,
24,,,,,,,
59,,,,,,,
62,,,,,,,
58,,,,,,,
64,,,,,,,
48,,,,,,,
60,,,,,,,
52,,,,,,,
63,,,,,,,
44,,,,,,,
63,,,,,,,
66,,,,,,,
22,,,,,,,
62,,,,,,,
39,,,,,,,
25,,,,,,,
70,,,,,,,
52,,,,,,,
68,,,,,,,
18,,,,,,,
18,,,,,,,
63,,,,,,,
47,,,,,,,
43,,,,,,,
60,,,,,,,
49,,,,,,,
28,,,,,,,
32,,,,,,,
29,,,,,,,
35,,,,,,,
23,,,,,,,
70,,,,,,,
23,,,,,,,
43,,,,,,,
29,,,,,,,
61,,,,,,,
29,,,,,,,
66,,,,,,,
46,,,,,,,
34,,,,,,,
51,,,,,,,
26,,,,,,,
23,,,,,,,
52,,,,,,,
39,,,,,,,
39,,,,,,,
33,,,,,,,
33,,,,,,,
23,,,,,,,
31,,,,,,,
27,,,,,,,
48,,,,,,,
61,,,,,,,
63,,,,,,,
19,,,,,,,
21,,,,,,,
28,,,,,,,
29,,,,,,,
23,,,,,,,
37,,,,,,,
67,,,,,,,
34,,,,,,,
58,,,,,,,
45,,,,,,,
63,,,,,,,
68,,,,,,,
41,,,,,,,
50,,,,,,,
24,,,,,,,
21,,,,,,,
18,,,,,,,
63,,,,,,,
47,,,,,,,
58,,,,,,,
46,,,,,,,
35,,,,,,,
42,,,,,,,
48,,,,,,,
28,,,,,,,
44,,,,,,,
60,,,,,,,
38,,,,,,,
46,,,,,,,
39,,,,,,,
22,,,,,,,
44,,,,,,,
69,,,,,,,
39,,,,,,,
53,,,,,,,
52,,,,,,,
65,,,,,,,
48,,,,,,,
27,,,,,,,
39,,,,,,,
59,,,,,,,
52,,,,,,,
50,,,,,,,
32,,,,,,,
40,,,,,,,
26,,,,,,,
47,,,,,,,
51,,,,,,,
47,,,,,,,
53,,,,,,,
35,,,,,,,
38,,,,,,,
69,,,,,,,
47,,,,,,,
31,,,,,,,
68,,,,,,,
51,,,,,,,
20,,,,,,,
27,,,,,,,
67,,,,,,,
21,,,,,,,
20,,,,,,,
35,,,,,,,
58,,,,,,,
28,,,,,,,
27,,,,,,,
19,,,,,,,
63,,,,,,,
69,,,,,,,
65,,,,,,,
63,,,,,,,
28,,,,,,,
67,,,,,,,
51,,,,,,,
59,,,,,,,
25,,,,,,,
31,,,,,,,
62,,,,,,,
51,,,,,,,
32,,,,,,,
35,,,,,,,
70,,,,,,,
19,,,,,,,
32,,,,,,,
56,,,,,,,
53,,,,,,,
22,,,,,,,
26,,,,,,,
42,,,,,,,
30,,,,,,,
29,,,,,,,
47,,,,,,,
59,,,,,,,
34,,,,,,,
52,,,,,,,
47,,,,,,,
24,,,,,,,
63,,,,,,,
59,,,,,,,
66,,,,,,,
45,,,,,,,
38,,,,,,,
63,,,,,,,
55,,,,,,,
25,,,,,,,
51,,,,,,,
28,,,,,,,
46,,,,,,,
58,,,,,,,
30,,,,,,,
68,,,,,,,
28,,,,,,,
26,,,,,,,
35,,,,,,,
40,,,,,,,
31,,,,,,,
60,,,,,,,
69,,,,,,,
51,,,,,,,
49,,,,,,,
18,,,,,,,
63,,,,,,,
57,,,,,,,
45,,,,,,,
36,,,,,,,
20,,,,,,,
21,,,,,,,
62,,,,,,,
23,,,,,,,
26,,,,,,,
30,,,,,,,
18,,,,,,,
47,,,,,,,
41,,,,,,,
62,,,,,,,
28,,,,,,,
46,,,,,,,
54,,,,,,,
36,,,,,,,
25,,,,,,,
38,,,,,,,
38,,,,,,,
42,,,,,,,
19,,,,,,,
34,,,,,,,
38,,,,,,,
42,,,,,,,
58,,,,,,,
56,,,,,,,
62,,,,,,,
24,,,,,,,
60,,,,,,,
53,,,,,,,
26,,,,,,,
34,,,,,,,
24,,,,,,,
42,,,,,,,
36,,,,,,,
24,,,,,,,
39,,,,,,,
46,,,,,,,
64,,,,,,,
64,,,,,,,
61,,,,,,,
61,,,,,,,
44,,,,,,,
65,,,,,,,
60,,,,,,,
65,,,,,,,
27,,,,,,,
36,,,,,,,
22,,,,,,,
62,,,,,,,
59,,,,,,,
50,,,,,,,
51,,,,,,,
23,,,,,,,
21,,,,,,,
44,,,,,,,
25,,,,,,,
57,,,,,,,
41,,,,,,,
19,,,,,,,
43,,,,,,,
25,,,,,,,
60,,,,,,,
54,,,,,,,
52,,,,,,,
40,,,,,,,
39,,,,,,,
54,,,,,,,
64,,,,,,,
31,,,,,,,
37,,,,,,,
43,,,,,,,
56,,,,,,,
27,,,,,,,
40,,,,,,,
43,,,,,,,
62,,,,,,,
44,,,,,,,
45,,,,,,,
40,,,,,,,
68,,,,,,,
63,,,,,,,
60,,,,,,,
19,,,,,,,
26,,,,,,,
70,,,,,,,
48,,,,,,,
37,,,,,,,
48,,,,,,,
18,,,,,,,
38,,,,,,,
33,,,,,,,
57,,,,,,,
46,,,,,,,
46,,,,,,,
50,,,,,,,
61,,,,,,,
45,,,,,,,
32,,,,,,,
29,,,,,,,
66,,,,,,,
70,,,,,,,
36,,,,,,,
34,,,,,,,
20,,,,,,,
70,,,,,,,
50,,,,,,,
54,,,,,,,
49,,,,,,,
50,,,,,,,
62,,,,,,,
42,,,,,,,
69,,,,,,,
22,,,,,,,
36,,,,,,,
64,,,,,,,
44,,,,,,,
43,,,,,,,
58,,,,,,,
62,,,,,,,
45,,,,,,,
47,,,,,,,
66,,,,,,,
30,,,,,,,
68,,,,,,,
35,,,,,,,
64,,,,,,,
30,,,,,,,
58,,,,,,,
57,,,,,,,
60,,,,,,,
22,,,,,,,
46,,,,,,,
27,,,,,,,
50,,,,,,,
65,,,,,,,
61,,,,,,,
57,,,,,,,
40,,,,,,,
39,,,,,,,
42,,,,,,,
30,,,,,,,
65,,,,,,,
57,,,,,,,
64,,,,,,,
56,,,,,,,
40,,,,,,,
55,,,,,,,
25,,,,,,,
58,,,,,,,
46,,,,,,,
18,,,,,,,
26,,,,,,,
61,,,,,,,
55,,,,,,,
41,,,,,,,
42,,,,,,,
70,,,,,,,
63,,,,,,,
60,,,,,,,
28,,,,,,,
60,,,,,,,
26,,,,,,,
42,,,,,,,
56,,,,,,,
35,,,,,,,
34,,,,,,,
47,,,,,,,
49,,,,,,,
37,,,,,,,
40,,,,,,,
45,,,,,,,
57,,,,,,,
35,,,,,,,
36,,,,,,,
35,,,,,,,
21,,,,,,,
66,,,,,,,
40,,,,,,,
52,,,,,,,
46,,,,,,,
44,,,,,,,
52,,,,,,,
